date,forecast_var,actual_var,target,log_forecast
2023-01-03,2.5934216301162026e-05,1.7799143127548947e-05,-10.936360240726694,-10.559947368424995
2023-01-04,3.0929629156394824e-05,5.91442262685684e-05,-9.73553158399367,-10.38379596110979
2023-01-05,3.884905514851707e-05,0.00013176448379946594,-8.934494442623306,-10.155826801947857
2023-01-06,6.586692943863473e-05,0.0005140733770616914,-7.573144545768549,-9.627874071873618
2023-01-09,0.000140772145069653,3.21564361380691e-07,-14.950068122384542,-8.868367967124046
2023-01-10,9.978615078875682e-05,4.8838098922909295e-05,-9.926999834071708,-9.21248115392799
2023-01-11,8.832313346201485e-05,0.00015796213084681094,-8.753155231849455,-9.334508497554705
2023-01-12,0.00010202805910715676,1.3207944108975833e-05,-11.23469208295929,-9.190262693224273
2023-01-13,7.866075274393569e-05,1.4992866461339526e-05,-11.107936039225013,-9.450366221416573
2023-01-17,6.376399660314565e-05,3.362649622734589e-06,-12.602781316558763,-9.660321843465166
2023-01-18,5.352934264676499e-05,0.00025324863232781936,-8.281138815332515,-9.835280593724708
2023-01-19,0.00010018535425572177,5.338633400311694e-05,-9.837955762295234,-9.208488545109228
2023-01-20,9.747332892688216e-05,0.000340686230388706,-7.984548649762147,-9.235931766849829
2023-01-23,0.00013855612144823815,0.00014225645517203329,-8.857879106922173,-8.884235105399332
2023-01-24,0.00013585858507293228,1.153133748747758e-06,-13.673027322756374,-8.903896028851756
2023-01-25,9.892571838765978e-05,1.4037564840427613e-07,-15.77894380481191,-9.221141308776675
2023-01-26,7.091873871530609e-05,0.00011947944086340264,-9.03236624437788,-9.553975861528569
2023-01-27,8.190274385780672e-05,5.266288214130763e-06,-12.154184767257815,-9.409978065129126
2023-01-30,6.160904192980091e-05,0.0001594173522235837,-8.74398493791196,-9.69470191362191
2023-01-31,9.031816343904153e-05,0.00021305029886641933,-8.453982275219904,-9.312171972264043
2023-02-01,0.00011277097474271403,0.00011176196978504117,-9.099139218036305,-9.090151568122478
2023-02-02,0.00011154642095298627,0.00020886223785585156,-8.473835672348748,-9.101069722289061
2023-02-03,0.00012823011230542327,0.00011418996980364956,-9.077647094690287,-8.961684155681239
2023-02-06,0.00013231204457475382,3.757801180830365e-05,-10.189091470958504,-8.930347451117598
2023-02-07,0.00011537381127357311,0.00016883614208030662,-8.68658188687093,-9.067333168348632
2023-02-08,0.00012414392677218109,0.00012088983920191838,-9.020630846870223,-8.99406896567478
2023-02-09,0.0001307814365184667,7.581405460169337e-05,-9.487226865594655,-8.941983051654839
2023-02-10,0.00012512310785968645,5.434158662710133e-06,-12.122805849243178,-8.986212442443737
2023-02-13,8.96307010095694e-05,0.00013620281015051298,-8.901365531932246,-9.319812651476761
2023-02-14,9.915718091960938e-05,2.118126733380921e-07,-15.367563569223185,-9.218804280814066
2023-02-15,7.354630881554303e-05,1.0511669693112935e-05,-11.463024518603737,-9.517595298232708
2023-02-16,5.8578187792022154e-05,0.00019222544621063777,-8.556841675755251,-9.745148152652247
2023-02-17,9.367158203283866e-05,6.2569755940015236e-06,-11.981813621546749,-9.275715701456601
2023-02-21,7.621205559839806e-05,0.0004106645272685338,-7.797733912125864,-9.481990897832818
2023-02-22,0.00014441666366645555,1.9016296966948155e-06,-13.172799304333886,-8.842807938811356
2023-02-23,0.00010574311079023042,2.814347154102163e-05,-10.478195147113041,-9.154497888351667
2023-02-24,8.700192937130256e-05,0.00011533826880996219,-9.067641279340299,-9.349580262873951
2023-02-27,0.00010182728557602154,1.1559976966735873e-05,-11.367961687218925,-9.192232458563156
2023-02-28,7.829203205505677e-05,1.371205106773572e-05,-11.197235471806005,-9.45506472189455
2023-03-01,6.93469268368003e-05,1.4769457572090009e-05,-11.122949187072344,-9.576388726002186
2023-03-02,6.335384069207477e-05,6.001666223212636e-05,-9.720888330425982,-9.666775026482753
2023-03-03,6.480896122898086e-05,0.000253146857161971,-8.281540774549494,-9.644066673596612
2023-03-06,9.84930276243004e-05,4.797110731966302e-07,-14.550081845117926,-9.225524797831744
2023-03-07,7.010910531031445e-05,0.00023862386697771464,-8.340622024058646,-9.565457882054687
2023-03-08,0.00011065767760616761,2.659686056634888e-06,-12.837302465957496,-9.109069107465235
2023-03-09,7.878854958523238e-05,0.0003467888616142974,-7.966794431179501,-9.448742881491013
2023-03-10,0.00013563276033819237,0.00021125113454947286,-8.462462921093021,-8.905559616223053
2023-03-13,0.0001571387326687174,2.0345431931761355e-06,-13.105239239365744,-8.758381495231191
2023-03-14,0.00011421989689898142,0.00026879291576058483,-8.221569304719928,-9.077385047380902
2023-03-15,0.00014018437919628143,3.936166909212954e-05,-10.142718080883348,-8.872552007572077
2023-03-16,0.0001216955202402064,0.00030251759024654514,-8.103371132608643,-9.013988368506908
2023-03-17,0.0001512099217062229,0.00013833499532660994,-8.885832312064629,-8.796841476621571
2023-03-20,0.00015423623704166248,9.1578824625774e-05,-9.29831048521631,-8.777025124173099
2023-03-21,0.00013673410662164598,0.0001701754351694738,-8.678680681445494,-8.897472345561685
2023-03-22,0.00014024316992402742,0.0002956181241780504,-8.126442057582894,-8.87213271404124
2023-03-23,0.00017563776713537307,7.288766533342086e-06,-11.82917622607551,-8.647086825085719
2023-03-24,0.00012323954204958274,4.2778813836173395e-05,-10.059467581759087,-9.001380600166252
2023-03-27,0.00010339870091974781,3.489786798442903e-06,-12.565669912887339,-9.176918159607672
2023-03-28,7.481255415001432e-05,5.0491964250097366e-06,-12.196281451098983,-9.500524850836628
2023-03-29,6.253072811863828e-05,0.0002082282871276806,-8.476875545845669,-9.679852472143917
2023-03-30,8.990490229388357e-05,3.4084904569164426e-05,-10.286655952943253,-9.316758087451927
2023-03-31,7.801657284283914e-05,0.00019589440739991044,-8.537934781660642,-9.458589281499643
2023-04-03,0.00010025530505025355,1.4465582012879426e-05,-11.143738384405113,-9.207790574970696
2023-04-04,7.866981261629359e-05,3.095511425869703e-05,-10.38297232987739,-9.450251051521299
2023-04-05,7.577865807433807e-05,6.872757162668516e-06,-11.88794519852109,-9.487693860707727
2023-04-06,6.445430278266284e-05,1.5157608641937304e-05,-11.097007931489527,-9.649554069245657
2023-04-10,5.434324110960469e-05,1.0521686844384528e-06,-13.764657110078485,-9.820190310739157
2023-04-11,4.041220624589767e-05,7.211485502313588e-08,-16.44500578026953,-10.11637868383125
2023-04-12,3.2296522908158814e-05,1.668083844358236e-05,-11.001249895895166,-10.340550983432534
2023-04-13,3.5911901091349854e-05,0.00017411447552004641,-8.65579756978693,-10.234441810683416
2023-04-14,6.189002057430613e-05,5.981150651027234e-06,-12.026897591951688,-9.69015160977961
2023-04-17,5.412418740576063e-05,1.2827890608240525e-05,-11.263888803746859,-9.824229385042807
2023-04-18,4.621990919848578e-05,4.25489726247096e-07,-14.67002503435469,-9.982099917670256
2023-04-19,3.5686380829632156e-05,2.8582753995474706e-08,-17.370462308153773,-10.240741431330306
2023-04-20,2.9856875992678406e-05,2.994383039819171e-05,-10.416187251344533,-10.419095393138985
2023-04-21,3.747092531182385e-05,6.029639526896026e-07,-14.321408421957026,-10.191945250725828
2023-04-24,2.9315182406757006e-05,1.0873977035218138e-06,-13.731723144135097,-10.437405005266346
2023-04-25,2.3133683389823213e-05,0.00025604063563770146,-8.270174393121684,-10.674220847109192
2023-04-26,7.332309425798654e-05,1.8015763378596368e-05,-10.924263440052151,-9.520634933783056
2023-04-27,6.754927937527353e-05,0.00038857874440667816,-7.853014720389593,-9.602653161634606
2023-04-28,0.00012049976386061566,7.223182678526573e-05,-9.535629794995174,-9.023862764698425
2023-05-01,0.0001089531740946864,1.0207289270915e-06,-13.794993551494239,-9.12459236349929
2023-05-02,8.23361532682758e-05,0.00012775350020828512,-8.965407930365117,-9.404700260368958
2023-05-03,0.00010033625369859777,4.743909107770741e-05,-9.956063962865864,-9.206983475676555
2023-05-04,9.625632030266323e-05,5.052534383545231e-05,-9.893035489443864,-9.248495921470049
2023-05-05,9.410199688937347e-05,0.0003364758899751307,-7.996984060851691,-9.271131290669583
2023-05-08,0.00013398143220987128,7.106323402570865e-08,-16.45969573619143,-8.917809333212437
2023-05-09,9.454595960146419e-05,1.9316823924505265e-05,-10.854534135835484,-9.26642449670293
2023-05-10,8.337206288531341e-05,2.1729051750784618e-05,-10.736860402439872,-9.392197282111356
2023-05-11,7.001287414536367e-05,3.0465876253329683e-06,-12.701488405047842,-9.566831416463117
2023-05-12,5.812354324056621e-05,1.7191032769338818e-06,-13.273707753709237,-9.752939756898718
2023-05-15,4.859727684071565e-05,1.186200117806221e-05,-11.342170445233783,-9.931943060711722
2023-05-16,4.202756811492443e-05,4.495633752048578e-05,-10.00981881654024,-10.077184771317784
2023-05-17,5.1088100090977576e-05,0.0001455856116878312,-8.834746247910124,-9.881958962806138
2023-05-18,7.004246568093665e-05,9.191069942654678e-05,-9.294693110716272,-9.566408847269397
2023-05-19,7.613421060472829e-05,2.1206845842088634e-06,-13.063771604327199,-9.483012846087735
2023-05-22,6.160719679938683e-05,1.648728615952297e-07,-15.618091195847601,-9.694731863090151
2023-05-23,4.6963531906035456e-05,0.0001273790522817775,-8.968343253135265,-9.966139174326393
2023-05-24,7.132476918453788e-05,5.287161305103681e-05,-9.847643978421845,-9.548266896978774
2023-05-25,7.604148424454171e-05,7.435370353324053e-05,-9.5066770741502,-9.484231521274396
2023-05-26,7.735971065028049e-05,0.00016557086937628155,-8.706111241050534,-9.467044447127671
2023-05-30,9.4420726325755e-05,1.4509849417985478e-07,-15.745853054919527,-9.267749950376727
2023-05-31,6.888714581863212e-05,3.092065773793096e-05,-10.384086062222567,-9.583040960214232
2023-06-01,6.850874023402154e-05,8.941710213243352e-05,-9.322198595059621,-9.588549226178351
2023-06-02,7.447293059286638e-05,0.00020614151341553756,-8.486947666694707,-9.505074846352308
2023-06-05,9.845673320606988e-05,3.679067348301581e-06,-12.512851275865788,-9.225893363078924
2023-06-06,7.821839940663719e-05,4.730278267379376e-06,-12.261526526878104,-9.456005651558655
2023-06-07,5.960727636906656e-05,1.1995832761689947e-05,-11.330951238347586,-9.727732904615644
2023-06-08,5.536315584907163e-05,3.636398429724939e-05,-10.221931715526079,-9.801596242335425
2023-06-09,5.368745838014162e-05,3.214034090217272e-06,-12.647983683917007,-9.832331133444471
2023-06-12,4.1932617993075236e-05,8.155707372339588e-05,-9.41420749172223,-10.079446561500216
2023-06-13,5.1867052734753315e-05,4.31825107149755e-05,-10.050074989246646,-9.866826791443687
2023-06-14,5.251229486821384e-05,1.4164420315221425e-06,-13.467362442253343,-9.854463227818439
2023-06-15,3.980584442527124e-05,0.00015181909823450026,-8.79282088909491,-10.13149681159847
2023-06-16,6.123176740209669e-05,1.1642128293343366e-05,-11.360880289304003,-9.700844427921265
2023-06-20,5.645078181342767e-05,2.705687892556973e-05,-10.517569280913982,-9.782141417802372
2023-06-21,5.7993483876315066e-05,2.6389468358518948e-05,-10.542545553217751,-9.755179900689333
2023-06-22,5.896801791305235e-05,1.2982768673209936e-05,-11.251887566413389,-9.738515330301516
2023-06-23,4.9939121355107445e-05,5.758714738700922e-05,-9.762211150803092,-9.904705867278087
2023-06-26,6.025430441209716e-05,1.6762374680808403e-05,-10.996373785547979,-9.716936545620971
2023-06-27,5.761618476473712e-05,0.00011889002670543614,-9.037311637470781,-9.761707044232553
2023-06-28,7.087929868113656e-05,2.542089129488586e-07,-15.185109416064362,-9.55453214616989
2023-06-29,5.309688881217085e-05,1.547444515782648e-05,-11.076320594134838,-9.8433922225408
2023-06-30,4.653312114019991e-05,0.00013763159933753968,-8.890930012481318,-9.975346216338865
2023-07-03,6.466916764158264e-05,1.3220821614400226e-06,-13.536302669116482,-9.646226013447075
2023-07-05,4.8040383586189424e-05,2.215031148362781e-06,-13.020244092099784,-9.94346857605936
2023-07-06,4.188787660131918e-05,6.18035311756328e-05,-9.691550056368701,-10.080514114160739
2023-07-07,5.446822280954528e-05,6.38995835394935e-06,-11.960782806974887,-9.817893094059924
2023-07-10,4.9117353922369904e-05,6.3899583539489605e-06,-11.960782806974949,-9.921298145235003
2023-07-11,4.041827764863437e-05,4.0300887473718656e-05,-10.119137067573746,-10.1162284582615
2023-07-12,4.29610675378132e-05,6.422224492070662e-05,-9.65316091319157,-10.055216258495753
2023-07-13,4.955050483769392e-05,6.24953200631469e-05,-9.68041888301514,-9.912518108790252
2023-07-14,5.451098639565969e-05,3.8807355137735283e-07,-14.76207094988284,-9.817108291369188
2023-07-17,4.4539466066330265e-05,1.2014132148849384e-05,-11.329426922025517,-10.019134883940847
2023-07-18,3.904659550597537e-05,5.480758329481527e-05,-9.811681992291863,-10.150754868424807
2023-07-19,4.4562909666563685e-05,4.933894634674052e-06,-12.219381895035665,-10.018608666753448
2023-07-20,3.639428352732115e-05,4.430976077089608e-05,-10.024305571754224,-10.2210988416073
2023-07-21,4.628378121097199e-05,0.0,,-9.980718956059878
2023-07-24,3.7350891519909105e-05,1.9868167959452404e-05,-10.826391706987417,-10.195153777328708
2023-07-25,3.589119295088471e-05,7.43264451915916e-06,-11.809628838044,-10.235018614268707
2023-07-26,3.112216711908126e-05,2.3608678779350677e-08,-17.561651447628684,-10.37759022357605
2023-07-27,2.6112176249377723e-05,4.424927288582641e-05,-10.025671618604067,-10.553108829458967
2023-07-28,3.729770975607565e-05,9.49229069581964e-05,-9.262445501515927,-10.196578633841005
2023-07-31,4.9986360266313966e-05,3.6184014369677064e-06,-12.529478221654925,-9.903760384425084
2023-08-01,3.9563732842096205e-05,8.212707148877936e-06,-11.70982795086399,-10.137597696659872
2023-08-02,3.87698193259443e-05,0.0001962381939987638,-8.536181361079402,-10.157868466443333
2023-08-03,7.553479443441746e-05,8.236443452422136e-06,-11.706941927069236,-9.490917154433632
2023-08-04,6.518854145067138e-05,2.0548702483728885e-05,-10.792712758493325,-9.638226849098167
2023-08-07,6.253763359907471e-05,7.55290762155183e-05,-9.490992860409882,-9.679742044848819
2023-08-08,6.71116179981967e-05,1.8994354264199578e-05,-10.871368766943352,-9.60915338444094
2023-08-09,6.346614207563856e-05,4.499309148617956e-05,-10.009001602509088,-9.665003989924218
2023-08-10,6.795755990187078e-05,1.2879593798208935e-07,-15.865036561179611,-9.596627166721698
2023-08-11,5.157582684547829e-05,3.401780837017124e-07,-14.893796580865489,-9.872457467230896
2023-08-14,4.2381470219380366e-05,3.030339861031944e-05,-10.404250686381937,-10.068799314376623
2023-08-15,4.236267151757589e-05,0.00013729382627633552,-8.893387211413728,-10.069242972232551
2023-08-16,6.844440020243065e-05,5.424605532819159e-05,-9.821980281031808,-9.589488818160241
2023-08-17,7.394639612074862e-05,5.8508617946320954e-05,-9.746336499254575,-9.512170103994348
2023-08-18,7.914926871577493e-05,2.3146418276483024e-07,-15.278840693468686,-9.444175010899455
2023-08-21,5.880085157064048e-05,4.2059161555182614e-05,-10.076433322382409,-9.741354220670678
2023-08-22,5.7577764210091064e-05,7.355906579762556e-06,-11.82000695117199,-9.762374102813538
2023-08-23,5.186000447212784e-05,0.0001226833140181061,-9.005904205567381,-9.86696269161913
2023-08-24,6.65477907567096e-05,0.00019477335581975902,-8.54367395321664,-9.617590210417836
2023-08-25,9.84716474377986e-05,4.935002502054894e-05,-9.916572285082907,-9.225741894492137
2023-08-28,8.82240156592782e-05,3.996050815860695e-05,-10.127618887582923,-9.335631345628364
2023-08-29,7.864613038264537e-05,0.0002059583773661278,-8.48783646121061,-9.450552130145319
2023-08-30,0.00010113065206818241,1.689463955296542e-05,-10.988514172564496,-9.19909729224954
2023-08-31,8.075307295519892e-05,2.144218254332354e-06,-13.052735522207113,-9.424114541412846
2023-09-01,6.502508815202376e-05,3.4722965751556137e-06,-12.570694345702535,-9.640737390966907
2023-09-05,5.009653586194359e-05,1.876024098038241e-05,-10.883770769032536,-9.901558696736227
2023-09-06,5.0516229901644904e-05,4.5497289507614525e-05,-9.997857805043026,-9.893215889124809
2023-09-07,5.781282149970548e-05,9.454723009122234e-06,-11.568996151986605,-9.758299981631106
2023-09-08,5.2978893375506486e-05,2.264685889364291e-06,-12.998074488838629,-9.845616961928034
2023-09-11,4.101995637431778e-05,4.296925827196727e-05,-10.055025621858414,-10.101451868842844
2023-09-12,4.396161256919822e-05,3.0257335124505117e-05,-10.405771919427071,-10.032193746453824
2023-09-13,4.8887996930313815e-05,1.357517814298411e-06,-13.509852662352667,-9.925978653161838
2023-09-14,3.74810816895134e-05,7.371459077106863e-05,-9.515309803179377,-10.191674240564579
2023-09-15,4.661827872232362e-05,0.0001469316123947401,-8.825543301239264,-9.973517846481355
2023-09-18,7.363907020953487e-05,3.436824323072834e-07,-14.883547767846819,-9.516334827839687
2023-09-19,5.486690530932395e-05,4.310561303156611e-06,-12.354442429577212,-9.810600208897222
2023-09-20,4.82807358918547e-05,8.529814903989723e-05,-9.369357803117115,-9.938477919683443
2023-09-21,6.406354671519289e-05,0.0002777697485530917,-8.188718030070834,-9.655635049796162
2023-09-22,0.00010963387766260869,5.067424653815598e-06,-12.192677827242763,-9.118364128451747
2023-09-25,8.681589819553045e-05,1.760926511902173e-05,-10.947085367217221,-9.351720794134836
2023-09-26,7.123851279223787e-05,0.00021904865581422075,-8.426216680156791,-9.549476975782087
2023-09-27,0.00010614391089650313,1.5918893270831487e-07,-15.653174084116479,-9.150714734658616
2023-09-28,7.672924372591706e-05,3.341805396704318e-05,-10.3064142660842,-9.47522764812567
2023-09-29,6.88112634117792e-05,5.904781285127503e-06,-12.039748147929357,-9.584143114043874
2023-10-02,5.9235990614590084e-05,1.58242667379861e-07,-15.659136112667941,-9.733981251230011
2023-10-03,4.73645923521831e-05,0.00018161635001005916,-8.613614062754777,-9.957635605193751
2023-10-04,7.9748309502273e-05,5.264530961797598e-05,-9.85193340943102,-9.436635013987651
2023-10-05,7.558722624416727e-05,1.4207447968816974e-07,-15.766914412003473,-9.490223254079227
2023-10-06,5.868053681535235e-05,0.00013930840108994304,-8.878820369665082,-9.743402456548782
2023-10-09,7.468080998466423e-05,4.072870796737675e-05,-10.108577358698172,-9.502287393277474
2023-10-10,6.915308692459295e-05,2.6951047263606013e-05,-10.521488401861273,-9.579187859857942
2023-10-11,6.16746682007155e-05,1.6708907776540363e-05,-10.999568580955831,-9.693637275365262
2023-10-12,5.331537739509942e-05,3.739368899531074e-05,-10.194008611223452,-9.839285761927805
2023-10-13,5.805664900036507e-05,2.493231933212135e-05,-10.599345630976744,-9.754091317182844
2023-10-16,5.8442054147454824e-05,0.00010954743351191105,-9.119152919747105,-9.747474822016848
2023-10-17,6.969944484406826e-05,2.108998810060355e-09,-19.977052499669774,-9.571318205163974
2023-10-18,5.38758459115299e-05,0.00017995097543432908,-8.622826102868602,-9.828828308289523
2023-10-19,8.482107962433129e-05,7.788749138927391e-05,-9.460245190647315,-9.374966465581819
2023-10-20,9.156947939013011e-05,0.00015287159801794967,-8.785912217562194,-9.29841253623668
2023-10-23,0.00011111663818652397,3.008629515216138e-06,-12.71402589344824,-9.104930113876817
2023-10-24,8.647269477329431e-05,5.64137624323279e-05,-9.782797414469433,-9.355681861220628
2023-10-25,8.136202884395013e-05,0.00020897852369035542,-8.473279068741787,-9.41660186990816
2023-10-26,0.00011232927001921436,0.00014513103476652658,-8.837873535578897,-9.09407608887002
2023-10-27,0.0001257463914429571,2.0638806962478116e-05,-10.788337421227041,-8.981243445674842
2023-10-30,0.00010569535751028435,0.00014125112111650282,-8.864971250861238,-9.154949587431231
2023-10-31,0.00011166444868453718,3.919610319758099e-05,-10.146933224334157,-9.100012177531113
2023-11-01,9.514517330133151e-05,0.00011253445988735783,-9.092251073113315,-9.26010669276752
2023-11-02,9.871747944963881e-05,0.0003603602734367347,-7.928406267393625,-9.223248530450425
2023-11-03,0.0001391194813002107,8.248065798504874e-05,-9.4029467407771,-8.880177416359565
2023-11-06,0.00012461567628636793,5.2802332867023696e-06,-12.151540278134577,-8.990276146632501
2023-11-07,9.116356147792021e-05,8.076491379255695e-06,-11.726553014979325,-9.302855285921682
2023-11-08,7.058722672823054e-05,5.359164737779023e-07,-14.439287520522669,-9.558661354363208
2023-11-09,5.2582787900897655e-05,6.129574110755589e-05,-9.699800193658271,-9.853121717989467
2023-11-10,6.279857305695614e-05,0.00023975969098037164,-8.335873423827353,-9.675578206771261
2023-11-13,9.275417819243538e-05,9.095196568404577e-07,-13.910349226423044,-9.285557809594478
2023-11-14,7.199528904943531e-05,0.0003692180952269436,-7.904123044545988,-9.5389098709578
2023-11-15,0.00011825532562874368,4.47272085447588e-06,-12.317513642240316,-9.042664494576824
2023-11-16,8.656593094499244e-05,1.4938035577922942e-06,-13.414184967320367,-9.354604226902465
2023-11-17,6.335625841768385e-05,1.5452245461059367e-06,-13.38034132088961,-9.666736864952988
2023-11-20,4.7798572217813286e-05,5.880031817653664e-05,-9.741363291908744,-9.948514788833203
2023-11-21,5.2359011951092396e-05,4.760020798779661e-06,-12.255258520238966,-9.857386487400614
2023-11-22,4.679334298568999e-05,1.4848783735745379e-05,-11.117592599386635,-9.969769609053808
2023-11-24,4.1886258223053364e-05,3.783255785047047e-07,-14.787510693253484,-10.080552750865717
2023-11-27,3.313921877091365e-05,3.2491100122236127e-06,-12.637129441517038,-10.314793119843186
2023-11-28,3.140033597934491e-05,9.793130486051872e-07,-13.836414481887736,-10.368691965128173
2023-11-29,2.493214583995418e-05,4.949595255062508e-07,-14.518789844374835,-10.599352589525948
2023-11-30,2.2938353990612793e-05,1.544191606965668e-05,-11.078424923291445,-10.68270020164417
2023-12-01,2.354283194249189e-05,3.47912285564017e-05,-10.266145255931498,-10.656689159948654
2023-12-04,2.8015602633190927e-05,2.7701212241669817e-05,-10.494034382491387,-10.482748966088224
2023-12-05,3.503521710906557e-05,3.885669125578312e-08,-17.06338554186708,-10.259156799241739
2023-12-06,2.9678330641374e-05,1.6304089420188995e-05,-11.024094596943684,-10.425093386483642
2023-12-07,3.347583230171538e-05,5.778096242198093e-05,-9.75885120640203,-10.30468680331404
2023-12-08,4.0519748557680843e-05,1.8403330181564568e-05,-10.902978921597201,-10.113721083990981
2023-12-11,3.8103620486847054e-05,1.5071360584360448e-05,-11.102714265103943,-10.175201254444797
2023-12-12,3.536614261784841e-05,2.0764423976993616e-05,-10.782269421358128,-10.249755618713696
2023-12-13,3.470208326536029e-05,0.00018757556587668586,-8.581328775734763,-10.268710836347863
2023-12-14,6.125550061241849e-05,1.0266964171229958e-05,-11.486579179355497,-9.700456906654711
2023-12-15,5.073704161345267e-05,2.715213052564613e-06,-12.816640135257684,-9.888854310312546
2023-12-18,4.429334618728676e-05,3.1462793675713893e-05,-10.366704863395782,-10.024676091126752
2023-12-19,4.410797338917423e-05,3.675575311317017e-05,-10.21121579726053,-10.028869989378665
2023-12-20,4.508718301769194e-05,0.00019472035168764312,-8.54394612260691,-10.006912542140435
2023-12-21,7.980682559263648e-05,8.906359917510246e-05,-9.326159845962277,-9.435901523424
2023-12-22,8.279153128689618e-05,4.030419491610246e-06,-12.421640095211922,-9.399184780947694
2023-12-26,6.264713398585667e-05,1.775430673784873e-05,-10.938882438355266,-9.677992624103446
2023-12-27,5.4330780015129266e-05,3.2632150404055495e-06,-12.632797639856618,-9.820419640516432
2023-12-28,4.273353270245589e-05,1.4267483814749082e-07,-15.762697654938226,-10.060526636732613
2023-12-29,3.418276324157449e-05,8.405238687728606e-06,-11.686655393204884,-10.283789039730165
2024-01-02,3.4558018105837207e-05,3.14964480711447e-05,-10.365635778136733,-10.27287096214741
2024-01-03,4.142155734570551e-05,6.724202448556347e-05,-9.607212141525478,-10.09170910382134
2024-01-04,5.471121070610864e-05,1.0408957021592685e-05,-11.472843870405487,-9.813441920612124
2024-01-05,5.1101727197294654e-05,1.873527306428056e-06,-13.187687643730518,-9.881692260987387
2024-01-08,3.95683204155822e-05,0.0002009291790252932,-8.512558055150379,-10.137481749371705
2024-01-09,6.721707897418443e-05,2.3049724680408054e-06,-12.980441826037842,-9.607583191324613
2024-01-10,5.58392941824888e-05,3.1803871199522476e-05,-10.355922539753308,-9.793032739588453
2024-01-11,5.304132307780086e-05,1.9426617472951628e-07,-15.454036583574391,-9.844439267492039
2024-01-12,4.327123646885941e-05,4.795196425143393e-07,-14.550480978885636,-10.048022428474573
2024-01-16,3.400128050453056e-05,1.3527946701794058e-05,-11.210752886219483,-10.289112372159346
2024-01-17,3.6156897033027405e-05,3.1070742118461754e-05,-10.37924394947406,-10.2276428382621
2024-01-18,4.260733488619768e-05,7.838430298992713e-05,-9.45388686761922,-10.063484139083123
2024-01-19,5.151654911802168e-05,0.00015348985317917272,-8.781876096189205,-9.87360745981639
2024-01-22,7.064755825919101e-05,4.461310290139541e-06,-12.320068048052457,-9.557807010518163
2024-01-23,5.472779813735544e-05,8.48090065241193e-06,-11.677693904789399,-9.813138784983447
2024-01-24,4.5504262374632806e-05,1.193715118017249e-06,-13.63844016608751,-9.997704557831574
2024-01-25,3.513316338236392e-05,2.9419978751033627e-05,-10.433836565053866,-10.256365047850942
2024-01-26,3.643367424667601e-05,1.6156702228054883e-06,-13.335760688736604,-10.220017094311345
2024-01-29,3.2867749024482286e-05,6.222204569097996e-05,-9.684801188684574,-10.323018653786653
2024-01-30,4.0622830584183325e-05,5.985417615195255e-07,-14.328769537407704,-10.111180319744975
2024-01-31,3.4995463384358865e-05,0.0002706626300377208,-8.214637420235656,-10.260292122465692
2024-02-01,8.238393813707296e-05,0.00016908013687868073,-8.68513777271621,-9.404120065570256
2024-02-02,9.81364242237483e-05,0.00010967108286004944,-9.118024827437223,-9.229151963428416
2024-02-05,0.00010024524429491375,1.330651109784111e-05,-11.227257086301465,-9.20789093135756
2024-02-06,8.512122328117668e-05,8.404041605545994e-06,-11.686797824310053,-9.37143416121978
2024-02-07,6.669888196184139e-05,6.898848664971426e-05,-9.581570927438786,-9.615322367374466
2024-02-08,6.897727527455597e-05,1.9494444375594318e-07,-15.450551222791143,-9.581733451459625
2024-02-09,5.23883163178715e-05,3.3209428969791546e-05,-10.312676717249447,-9.856826962532
2024-02-12,5.073235327610108e-05,1.9276497442990268e-07,-15.461794139168273,-9.888946719208057
2024-02-13,4.1653676976246114e-05,0.00019234056952347245,-8.556242957659718,-10.08612091050511
2024-02-14,7.573393726137227e-05,8.184144524571224e-05,-9.410726777071742,-9.48828418541526
2024-02-15,7.829679113430123e-05,4.72782430329976e-05,-9.95946034644952,-9.455003937489266
2024-02-16,7.32952214544293e-05,2.4923670584023804e-05,-10.599692580187817,-9.521015142814342
2024-02-20,6.997255468627369e-05,3.0475995466711204e-05,-10.39857121810299,-9.567407468707147
2024-02-21,6.906727656560518e-05,8.197805492282589e-07,-14.014229155397876,-9.58042950570296
2024-02-22,5.148101286061578e-05,0.0004196037451502374,-7.77619975595709,-9.874297500592759
2024-02-23,0.00010633465564712463,4.7515712687879375e-07,-14.559620294182814,-9.148919308371964
2024-02-26,7.684462419231273e-05,1.3463136678074274e-05,-11.215555223892565,-9.473725042380712
2024-02-27,6.878658945130187e-05,3.4450509337361403e-06,-12.578571868778878,-9.584501752790459
2024-02-28,5.3146912681124106e-05,1.7492255051030348e-06,-13.25633743650375,-9.842450541766077
2024-02-29,4.5498251916415805e-05,1.2877424874805445e-05,-11.260034789357471,-9.997836652164848
2024-03-01,4.040538519072518e-05,8.731816812208946e-05,-9.345952005406744,-10.11654748508027
2024-03-04,5.092101219341846e-05,1.1510024471981896e-06,-13.674877302077189,-9.88523490636151
2024-03-05,4.332952065504398e-05,0.00010089188062981947,-9.201461103319069,-10.046676384931299
2024-03-06,6.204302477086097e-05,2.5547171659196797e-05,-10.574983945712251,-9.68768246567259
2024-03-07,5.622163914521214e-05,9.756559993420352e-05,-9.234985586364282,-9.786208837001768
2024-03-08,6.558521060083721e-05,3.624379122291069e-05,-10.225242467942465,-9.632160335589456
2024-03-11,6.72796774411835e-05,7.398886496943858e-07,-14.116766135456416,-9.606652336585991
2024-03-12,5.4547970007038984e-05,0.00011448695324061765,-9.07504968695905,-9.816430059814131
2024-03-13,6.687139995579823e-05,2.460742513460693e-06,-12.915047418822825,-9.612739186633783
2024-03-14,5.600919600525337e-05,3.915664096771441e-06,-12.450525614101881,-9.789994666331305
2024-03-15,4.914759520609055e-05,4.747600517981871e-05,-9.95528612866608,-9.920682640216304
2024-03-18,5.6830908702972206e-05,3.511082066644643e-05,-10.257001193905968,-9.775430212936657
2024-03-19,5.4595887054280786e-05,3.0713008551869284e-05,-10.390824261788644,-9.815552006726938
2024-03-20,5.1895939946122486e-05,8.47633682022392e-05,-9.375647087243294,-9.866269999250843
2024-03-21,5.994493529721142e-05,1.0885906267463982e-05,-11.428041608363763,-9.722084162174472
2024-03-22,5.032821553276617e-05,3.601529842477249e-06,-12.53415184652686,-9.896944693143997
2024-03-25,4.4765456970814666e-05,7.65426986212106e-06,-11.78024691392342,-10.01407376571369
2024-03-26,4.256028379608241e-05,3.417413280904948e-06,-12.586626643679782,-10.064589044812083
2024-03-27,3.8817227555826935e-05,7.003556102858823e-05,-9.566507430216577,-10.156646400707153
2024-03-28,4.67581320003465e-05,3.654362647304714e-08,-17.124759044258692,-9.970522370825046
2024-04-01,3.8449363722544776e-05,3.0318428632678637e-06,-12.706339917626156,-10.166168410327833
2024-04-02,3.546138390173314e-05,4.0684500300807176e-05,-10.109663366039115,-10.247066230958117
2024-04-03,4.40044182300221e-05,1.2050786000157866e-06,-13.628965764920055,-10.03122051476851
2024-04-04,3.4294545316900164e-05,0.0001508261028183381,-8.799383021757414,-10.280524245100581
2024-04-05,6.192988881102048e-05,0.00010800677055337848,-9.13331664249595,-9.689507638413616
2024-04-08,7.182888453636743e-05,3.1260121740034663e-07,-14.978337524531728,-9.541223871214802
2024-04-09,5.4350959838234324e-05,1.3368557913393181e-06,-13.525190125542602,-9.820048284235899
2024-04-10,4.1729253038916114e-05,0.00010127619271541085,-9.197659191947476,-10.084308163379246
2024-04-11,6.046286570427272e-05,5.652741658628546e-05,-9.780784788192468,-9.713481171385704
2024-04-12,6.176457161910187e-05,0.00019318589649746347,-8.55185763834598,-9.692180632657253
2024-04-15,9.240930161348038e-05,0.00015894248869367854,-8.746968127504621,-9.289282917570642
2024-04-16,0.00011213365930923154,3.3321360752526644e-06,-12.6118969955822,-9.095819011499485
2024-04-17,8.801701922649982e-05,3.523398672812457e-05,-10.253499409137476,-9.33798036188436
2024-04-18,8.38391900532542e-05,4.243226096375067e-06,-12.370186706250028,-9.38660999806256
2024-04-19,6.928027845244085e-05,7.685372054219471e-05,-9.473606676110622,-9.57735027448548
2024-04-22,7.888693584221236e-05,8.403386660938609e-05,-9.384290666452465,-9.447494922501292
2024-04-23,8.105330841641769e-05,0.00013916483613207417,-8.879851455969964,-9.42040349116574
2024-04-24,9.191404495866689e-05,2.2535904556530643e-07,-15.305570948542984,-9.294656711567379
2024-04-25,7.05948522263808e-05,1.4487668952731383e-05,-11.142212687400477,-9.558553330763978
2024-04-26,6.457488607703956e-05,8.891151510260393e-05,-9.32786889511933,-9.647684983179984
2024-04-29,7.077725157969084e-05,1.2498320931528644e-05,-11.289916248156201,-9.555972914265828
2024-04-30,5.871567437111609e-05,0.0002549779357225005,-8.274333543127918,-9.742803841713467
2024-05-01,9.880827973668939e-05,1.0578735843023818e-05,-11.456664624209587,-9.222329153718798
2024-05-02,8.325984630808817e-05,8.667603101951346e-05,-9.353333171228705,-9.393544162126506
2024-05-03,8.486048087395732e-05,0.00015176032184013492,-8.793208111621954,-9.374502051532131
2024-05-06,9.681613405185484e-05,0.00010555049519795304,-9.156321092084996,-9.242696903480915
2024-05-07,9.84398544347127e-05,1.2164874805323012e-06,-13.61954296615902,-9.226064811163432
2024-05-08,7.14731311527998e-05,9.31831584283068e-09,-18.491283928136706,-9.546188966963074
2024-05-09,5.527696775055294e-05,3.3009531426799825e-05,-10.318714207086325,-9.803154232568055
2024-05-10,5.2953726119374934e-05,1.6570767497917567e-06,-13.310455502070033,-9.84609211786631
2024-05-13,4.1043195642815763e-05,1.8088496796000793e-08,-17.827989636845878,-10.100885493592857
2024-05-14,3.3665360452416806e-05,2.095260364235327e-05,-10.77324764044683,-10.299041128986868
2024-05-15,3.3451576698537586e-05,0.0001514619035613439,-8.795176426277925,-10.305411636520706
2024-05-16,5.3968939200265434e-05,4.241731098692163e-06,-12.370539094049755,-9.827101876886065
2024-05-17,4.7872294975269686e-05,2.063483994080128e-06,-13.091114744469039,-9.946973613881795
2024-05-20,3.7811472103204045e-05,1.3259538579033557e-06,-13.533378464767337,-10.182898006590204
2024-05-21,3.0074766899139056e-05,5.9996277863095295e-06,-12.023813126275586,-10.411824046785636
2024-05-22,2.6584366244716613e-05,8.314940924494132e-06,-11.697456550035646,-10.535187250121664
2024-05-23,2.8379554425450266e-05,5.3741265638920744e-05,-9.831329403902025,-10.469841586656887
2024-05-24,4.033514418203655e-05,4.348873587806452e-05,-10.043008598733618,-10.1182874049682
2024-05-28,4.339349387171765e-05,4.880438629380935e-07,-14.53286055206264,-10.045201038885576
2024-05-29,3.4357306370380694e-05,4.937995334503846e-05,-9.915966018862623,-10.278695858264037
2024-05-30,4.470306965201473e-05,4.429974073522678e-05,-10.02453173340826,-10.015468386398005
2024-05-31,5.237570706599478e-05,8.220773920521818e-05,-9.406261109418995,-9.857067679746372
2024-06-03,5.986627530250972e-05,6.643322538889019e-07,-14.224483430256681,-9.723397228048853
2024-06-04,4.567430932762082e-05,1.2479514848301928e-06,-13.594007163107445,-9.993974577267828
2024-06-05,3.564560409280811e-05,0.000139596452956447,-8.876754776580245,-10.241884726061556
2024-06-06,5.412709304825304e-05,3.4568185803771397e-10,-21.785502249297,-9.824175701751841
2024-06-07,4.346116465031525e-05,1.4796233508185525e-06,-13.423722995267177,-10.043642785282556
2024-06-10,3.8211936320461984e-05,9.516683781395285e-06,-11.56246411213668,-10.172362622038012
2024-06-11,3.3996692075788873e-05,5.786146371470836e-06,-12.06004405420683,-10.289247329969838
2024-06-12,2.952435762379363e-05,6.690480726257503e-05,-9.61223973597412,-10.430294953144001
2024-06-13,3.8214049744169535e-05,4.045237974480165e-06,-12.417970177421628,-10.172307315621518
2024-06-14,3.193000894332756e-05,3.7024954737378036e-07,-14.809088606287352,-10.351964271145937
2024-06-17,2.6229253731606678e-05,6.28414442374518e-05,-9.67489576206801,-10.548635215439267
2024-06-18,3.467593668653716e-05,6.439398908273978e-06,-11.95307535942874,-10.269464578817859
2024-06-20,3.0242020669053538e-05,7.399636533696115e-06,-11.814079676028525,-10.406278187818785
2024-06-21,3.103655128671289e-05,1.800212450573747e-06,-13.227605871930397,-10.380344974275761
2024-06-24,2.8986371110639496e-05,1.0601027218837426e-05,-11.454559654103981,-10.448684800146498
2024-06-25,3.1086803840186004e-05,1.4772133116026293e-05,-11.122768049639912,-10.378727142646053
2024-06-26,2.9925049530626124e-05,1.5559407881241362e-06,-13.37343018683694,-10.41681465136284
2024-06-27,2.4473669446583503e-05,2.481154067807996e-06,-12.9067867561065,-10.617912734801418
2024-06-28,2.0880467227750362e-05,1.5545305928564458e-05,-11.071751834456508,-10.776696418392225
2024-07-01,2.560553993578481e-05,4.226675872697496e-06,-12.374094719542672,-10.572701826149075
2024-07-02,2.2496464537546602e-05,4.498647860347697e-05,-10.009148588824045,-10.702152392764969
2024-07-03,2.854537179619745e-05,1.9825563508393763e-05,-10.828538366716488,-10.464015743717917
2024-07-05,2.902616758219001e-05,3.306403234027344e-05,-10.317064502643978,-10.447312804412821
2024-07-08,3.205331700740524e-05,1.3297839737571299e-06,-13.53049405466962,-10.348109885181975
2024-07-09,2.583372476454875e-05,9.44580090102535e-07,-13.87252535730283,-10.563829758211796
2024-07-10,2.1114178174677826e-05,9.695250489564983e-05,-9.241289339624856,-10.765565791733986
2024-07-11,3.487259951078885e-05,7.498987068043671e-05,-9.498157511143239,-10.263809151423583
2024-07-12,4.985730880059185e-05,3.953560808173265e-05,-10.138308821714022,-9.906345456444066
2024-07-15,5.005231599936872e-05,7.541804337087716e-06,-11.795049102571543,-9.902441779559979
2024-07-16,4.198366558728735e-05,3.4959763137356884e-05,-10.26131278244712,-10.078229929916194
2024-07-17,4.293750722700125e-05,0.00019938568859032864,-8.520269475377749,-10.05576481966728
2024-07-18,7.657799647029045e-05,5.9513410836991764e-05,-9.72930887859135,-9.477200774828663
2024-07-19,8.097019009428912e-05,4.4392251920863115e-05,-10.022445610040956,-9.421429494556408
2024-07-22,8.087190922309946e-05,0.00010520660716049065,-9.159584453924774,-9.422644022589413
2024-07-23,8.605551040793024e-05,2.4641243036077957e-06,-12.913674065672678,-9.360518000077185
2024-07-24,6.963442033350325e-05,0.0005254793734170115,-7.551199619764889,-9.572251567849388
2024-07-25,0.00014537685549998976,2.728790542355106e-05,-10.50906697871618,-8.836181183664406
2024-07-26,0.00012214760942756703,0.00012404042447427527,-8.994903041662138,-9.010280331245593
2024-07-29,0.0001204441282147895,3.452818837189355e-07,-14.878904699264393,-9.024324578827315
2024-07-30,8.685202769240923e-05,2.5799711390338457e-05,-10.56514725252026,-9.35130471848684
2024-07-31,8.031628484332641e-05,0.00025997996152880723,-8.25490600096192,-9.429538157531281
2024-08-01,0.00010832514228794605,0.00020340854467964161,-8.500294065991069,-9.130373276810928
2024-08-02,0.00013153768257271364,0.0003532103336121812,-7.948446832549819,-8.936217187908467
2024-08-05,0.0001725670734361489,0.0008735768877562882,-7.042914409646539,-8.664724565554335
2024-08-06,0.00027621679207173814,8.422805179461566e-05,-9.381982535494716,-8.194324522053142
2024-08-07,0.00021730868847376299,4.4980271105270353e-05,-10.009286584210932,-8.434191687728726
2024-08-08,0.00017673722305480496,0.000522318000013106,-7.557233960138436,-8.640846544033582
2024-08-09,0.00022010154207605134,1.935948788548582e-05,-10.852327928661689,-8.421421563204465
2024-08-12,0.00016082446200330102,2.7596122183172243e-07,-15.103005481710097,-8.735197085903328
2024-08-13,0.00011275333039650763,0.00026607032338734477,-8.231749910486492,-9.090308042132953
2024-08-14,0.0001357547973142828,9.921687474190455e-06,-11.520787542848938,-8.904660260442915
2024-08-15,0.00010189742906020715,0.00028883804202066313,-8.149644435172227,-9.191543848081285
2024-08-16,0.00013028321119255682,5.0152232621729995e-06,-12.203032618663345,-8.945799929467647
2024-08-19,9.559208370634977e-05,9.054905103132445e-05,-9.309618853741403,-9.255420547754495
2024-08-20,9.484640905585956e-05,2.647827660528996e-06,-12.841771004889294,-9.2632517214896
2024-08-21,7.588839640826071e-05,1.1768673266554786e-05,-11.350069364663764,-9.486246765246593
2024-08-22,6.201713267601937e-05,6.20871550407174e-05,-9.686971433564482,-9.688099877608064
2024-08-23,7.026521468248116e-05,0.00011171157333308008,-9.099590246396192,-9.563233694090236
2024-08-26,7.898762028433456e-05,5.6954528105176986e-06,-12.075842454038415,-9.446219423038393
2024-08-27,6.688765970378635e-05,1.882813947757833e-06,-13.18274311945991,-9.61249606668199
2024-08-28,5.086149523002179e-05,3.389891206685042e-05,-10.292127636516133,-9.88640439946375
2024-08-29,5.5122828578642694e-05,8.053525616455722e-09,-18.63715587661741,-9.80594661583673
2024-08-30,4.390028200628062e-05,9.026138023372475e-05,-9.312800871928241,-10.03358981407051
2024-09-03,5.415196205797238e-05,0.00043238232295238774,-7.746200354273578,-9.823716351416133
2024-09-04,0.00012008070062988058,4.197833462699562e-06,-12.380942007981709,-9.027346535963547
2024-09-05,9.437361104929795e-05,5.930335270816428e-06,-12.035429808472514,-9.268249067861818
2024-09-06,7.79440340107043e-05,0.000288096184509749,-8.152216159593044,-9.459519501493384
2024-09-09,0.00011987917869892215,0.00012396568423921444,-8.995505770665154,-9.029026166565956
2024-09-10,0.00011903888720983601,1.889055834089378e-05,-10.876848319402557,-9.036060334958837
2024-09-11,9.469058053796184e-05,0.0001041717623773865,-9.169469459829504,-9.264896029055546
2024-09-12,9.668919721611698e-05,7.036431037999466e-05,-9.561824378174945,-9.244008876160054
2024-09-13,9.188150447786132e-05,2.7135210313409903e-05,-10.514678399846552,-9.295010805899318
2024-09-16,7.840673354395073e-05,2.17802172705024e-06,-13.037093557814448,-9.453600747255805
2024-09-17,5.909070807752689e-05,1.6677005082776859e-07,-15.606649914535321,-9.736436869643677
2024-09-18,4.6055817662110524e-05,8.82303208368549e-06,-11.638144973361713,-9.985656469646056
2024-09-19,4.4036839822746464e-05,0.0002863080269864498,-8.158442309276461,-10.030484005661142
2024-09-20,8.090582931705047e-05,2.993355499039857e-06,-12.719115559321242,-9.422224680660738
2024-09-23,6.667636539725099e-05,6.22801301592549e-06,-11.986453214090163,-9.615660009706911
2024-09-24,5.349607417233969e-05,8.163859624736509e-06,-11.715793507586781,-9.835902286711022
2024-09-25,4.486131934352791e-05,4.874771817720903e-06,-12.231437261231282,-10.011934619061085
2024-09-26,4.145873329721492e-05,1.5657130460324092e-05,-11.064584124273608,-10.090812003830154
2024-09-27,3.8227243487948816e-05,2.1066078338262597e-06,-13.070431565844789,-10.171962116231178
2024-09-30,3.478670408434489e-05,1.599377105734571e-05,-11.043311220440776,-10.266275310731675
2024-10-01,3.3136198712621643e-05,8.097841343877876e-05,-9.42132793956529,-10.314884256448847
2024-10-02,4.927525405349437e-05,1.7807785543831495e-07,-15.5410449921786,-9.918088549109367
2024-10-03,3.9219749487335135e-05,3.3487502974304884e-06,-12.606923327269236,-10.146330124586816
2024-10-04,3.631657276094556e-05,8.183427166016893e-05,-9.410814433147836,-10.223236370992351
2024-10-07,4.629754243570977e-05,8.247296060664534e-05,-9.403040068567963,-9.980421677423172
2024-10-08,6.095513900262824e-05,8.860642893242916e-05,-9.331306141671584,-9.705372390535882
2024-10-09,6.775540335284787e-05,4.7645670933323536e-05,-9.951718783338126,-9.59960634709909
2024-10-10,6.560248047267455e-05,3.0677052658645854e-06,-12.69458074626287,-9.631897050645636
2024-10-11,5.578445657195065e-05,3.5645783400662004e-05,-10.241879695780616,-9.794015283439187
2024-10-14,5.3948091138803e-05,6.634061190068902e-05,-9.62070830078141,-9.827488248928667
2024-10-15,5.834925379803102e-05,6.083951073562588e-05,-9.707271132426262,-9.749063987693413
2024-10-16,6.692487280656796e-05,1.8809325054794532e-05,-10.881157797549529,-9.611939869096565
2024-10-17,5.8120779552127134e-05,7.394813305008426e-09,-18.722486987213436,-9.752987306548855
2024-10-18,4.622074735815009e-05,1.4737873150434999e-05,-11.125089972629299,-9.982081783665251
2024-10-21,4.160007704587046e-05,2.700922386396203e-06,-12.821917218703199,-10.087408538634579
2024-10-22,3.7756450242069175e-05,2.8220874476771856e-07,-15.080618810170396,-10.184354229525821
2024-10-23,3.263574014294397e-05,8.426383336287907e-05,-9.38155780799205,-10.330102546712054
2024-10-24,4.927600149786117e-05,4.666828433863209e-06,-12.275030853218663,-9.91807338046717
2024-10-25,4.0358533093883804e-05,1.19325368141278e-07,-15.941411888860987,-10.1177077086824
2024-10-28,3.4243819712055534e-05,9.528778062024134e-06,-11.561194068663442,-10.282004455901786
2024-10-29,3.097879230335574e-05,2.614270850976047e-06,-12.854525332607373,-10.38220770684207
2024-10-30,2.590229637584688e-05,9.179141498042073e-06,-11.598576876436825,-10.561178930029017
2024-10-31,2.8060611051719653e-05,0.0003919551146770846,-7.844363228104608,-10.481143706915532
2024-11-01,9.068892127361803e-05,1.7738234745870703e-05,-10.939788093031133,-9.308075355231862
2024-11-04,7.480969763905419e-05,4.649796622330833e-06,-12.27868707645466,-9.500563033806426
2024-11-05,6.352005198885791e-05,0.0001444608960715476,-8.842501702456564,-9.664154922561341
2024-11-06,7.817468920563587e-05,0.0006032761694915558,-7.413135473560343,-9.456564630251734
2024-11-07,0.00014941021601722483,5.932414052676153e-05,-9.732494243286178,-8.808814907300674
2024-11-08,0.0001270196273665095,1.868393266819375e-05,-10.887846619045648,-8.971168937253728
2024-11-11,0.00010028472487668035,9.07013043373268e-07,-13.913109006148273,-9.207497168944492
2024-11-12,7.311413605339593e-05,9.679431611460978e-06,-11.545507376224027,-9.52348883024056
2024-11-13,6.481321424230574e-05,2.3575635525784345e-07,-15.26046695818074,-9.644001051903242
2024-11-14,5.015281023711968e-05,4.161255525427088e-05,-10.087108627235335,-9.900436008493827
2024-11-15,5.621004028855797e-05,0.00016618672438922308,-8.702398556054451,-9.786415164199827
2024-11-18,8.262265077619242e-05,1.6720005211356306e-05,-10.998904638623777,-9.401226692557389
2024-11-19,6.896314985636187e-05,1.3313870445594007e-05,-11.226704175523055,-9.581938256080607
2024-11-20,5.8079437430404735e-05,1.1467465635190104e-07,-15.981166793180977,-9.753698873610265
2024-11-21,4.5788010655307436e-05,2.8666258936955766e-05,-10.459789773609476,-9.991488277198465
2024-11-22,4.4795667308473386e-05,9.57584287778421e-06,-11.556266997760485,-10.013399135084661
2024-11-25,3.909511372624521e-05,1.1467787942033394e-05,-11.375968501391288,-10.149513067420415
2024-11-26,3.5361932703786705e-05,2.7123260768628175e-05,-10.515118867288285,-10.249874663776001
2024-11-27,3.618035825215977e-05,9.209787439065155e-06,-11.595243787326567,-10.226994176106963
2024-11-29,3.6516898673685924e-05,3.835010866246297e-05,-10.168753196714007,-10.217735427155521
2024-12-02,3.930514208072207e-05,3.2075499894911548e-06,-12.650003155389866,-10.144155205899441
2024-12-03,3.2464978869767205e-05,2.1489910665312224e-07,-15.353097190341849,-10.335348622865974
2024-12-04,2.6993235717728804e-05,3.8321096511216304e-05,-10.169509990677676,-10.519924252320578
2024-12-05,3.134159415526183e-05,2.712463556643955e-06,-12.817653274526585,-10.370564455857117
2024-12-06,2.9883471252908524e-05,3.5862507506630038e-06,-12.538403260333883,-10.418205031324456
2024-12-09,2.559639962012233e-05,2.6654804281760237e-05,-10.532541150362906,-10.573058856208439
2024-12-10,3.23479630514992e-05,9.697402643108103e-06,-11.543652477063132,-10.338959504950369
2024-12-11,3.3581914169478265e-05,5.93059921708486e-05,-9.732800208653355,-10.301522904679281
2024-12-12,4.043707849503051e-05,2.6685600121930444e-05,-10.531386459320114,-10.115763409373418
2024-12-13,4.488562769753992e-05,3.949931815846381e-08,-17.046982426999364,-10.011392910280833
2024-12-16,3.7340092721652396e-05,1.8154337005558994e-05,-10.916601072323925,-10.195442936681514
2024-12-17,3.574791594666792e-05,1.70441934126716e-05,-10.979700974545912,-10.239018585721588
2024-12-18,3.8550875971302054e-05,0.0009154632704582386,-6.996080314306911,-10.163531735222124
2024-12-19,0.00018218541071099775,9.440776217815634e-08,-16.175642540711845,-8.61048564928077
2024-12-20,0.00012863344395474318,0.000142555194724574,-8.855781301848491,-8.9585437181145
2024-12-23,0.00012835355102161047,3.564520172507112e-05,-10.241896014129699,-8.960721984324657
2024-12-24,0.00010626705364642315,0.00012218077098617792,-9.010008880513931,-9.14955525813177
2024-12-26,0.0001083005617539516,4.466297692016705e-09,-19.226706028334657,-9.130600216953685
2024-12-27,8.067695876122907e-05,0.00011198963932708039,-9.097104196956336,-9.425057540665227
2024-12-30,9.4232984661847e-05,0.0001317242050431487,-8.934800176860385,-9.269740282026204
2024-12-31,0.00010834546799401974,1.3284494515845486e-05,-11.228913028716471,-9.130185658323061
2025-01-02,9.149663409377229e-05,6.05141090061697e-06,-12.015219106396433,-9.299208372219827
2025-01-03,7.619294352870088e-05,0.00015440422643207675,-8.775936547483493,-9.48224170416997
2025-01-06,9.004887004318453e-05,3.299271907885987e-05,-10.319223654814992,-9.315158034525595
2025-01-07,7.883226141495546e-05,0.00012924034893969382,-8.953836717075891,-9.448188236066132
2025-01-08,9.565201723418744e-05,2.131535866857608e-06,-13.05866777383247,-9.25479377255458
2025-01-10,7.106738088400764e-05,0.00023670858107299245,-8.34868078915261,-9.55188210442861
2025-01-13,0.00010562446651538366,2.4008045991043238e-06,-12.939706627167173,-9.155620523041621
2025-01-14,7.800589639929593e-05,1.8902871930390715e-06,-13.178781786447635,-9.458726139269062
2025-01-15,5.901058594860641e-05,0.0003249630348513802,-8.031799121022129,-9.737793707295175
2025-01-16,9.800253513835166e-05,3.706126598787238e-06,-12.505523270191514,-9.230517210869602
2025-01-17,7.942236474139091e-05,9.979993506587415e-05,-9.212343025289611,-9.440730557567308
2025-01-21,8.41289083569489e-05,8.302376787298191e-05,-9.396383631245406,-9.383160312154953
2025-01-22,8.48735300662367e-05,3.142417016010662e-05,-10.367933210834037,-9.374348291042612
2025-01-23,7.482323103572541e-05,2.9628219523924258e-05,-10.426783288500722,-9.500382145858458
2025-01-24,6.702807585441706e-05,8.547132650427426e-06,-11.6699146937853,-9.6103989837439
2025-01-27,5.9952579861020526e-05,0.00020295901404778128,-8.502506500549742,-9.721956643871705
2025-01-28,9.101720651911233e-05,7.320250478608042e-05,-9.522280919193367,-9.304461986693683
2025-01-29,8.82998763484234e-05,2.0187027127071987e-05,-10.810470381301716,-9.334771850712945
2025-01-30,7.993155230669725e-05,2.8650584526466094e-05,-10.460336712691717,-9.434339885687988
2025-01-31,7.056691272757229e-05,2.8475720102567586e-05,-10.46645876001075,-9.558949181569364
2025-02-03,6.913260008108515e-05,4.559345177260702e-05,-9.99574645323353,-9.579484157242021
2025-02-04,7.217712328125272e-05,4.470161766959069e-05,-10.015500867523272,-9.536387414333925
2025-02-05,6.851218248963744e-05,1.6373398931684606e-05,-11.01985255638756,-9.58849898194487
2025-02-06,5.885280767544034e-05,1.2038749859489625e-05,-11.327379955742845,-9.740471016382598
2025-02-07,5.0435484948629e-05,8.456152094919161e-05,-9.378031229936902,-9.8948155641844
2025-02-10,6.452851705753289e-05,4.580763083260967e-05,-9.99105986865667,-9.648403306947982
2025-02-11,6.292135271356189e-05,5.782804847560909e-07,-14.363206818234246,-9.67362498106121
2025-02-12,4.8471549319229004e-05,1.041287056411233e-05,-11.472467962714425,-9.934533544119617
2025-02-13,4.667326438901218e-05,0.00011029677816828559,-9.112335841847788,-9.97233905425171
2025-02-14,5.9183107944629884e-05,2.4160536621920778e-09,-19.84113034594829,-9.734874395564312
2025-02-18,4.756206718385293e-05,8.593494713235847e-06,-11.664505069634856,-9.953475022329048
2025-02-19,4.096762997134278e-05,5.533677796031778e-06,-12.10465790091258,-10.102728315983489
2025-02-20,3.491150567297777e-05,1.7382603071370366e-05,-10.960040675385159,-10.262694107643412
2025-02-21,3.800021388299307e-05,0.0002976331945317282,-8.11964872046033,-10.17791876975391
2025-02-24,8.432232868319558e-05,2.0799601851646637e-05,-10.780576713187966,-9.380863856341996
2025-02-25,7.713940608623146e-05,2.4856885012041327e-05,-10.602375780937656,-9.46989630438117
2025-02-26,7.305272534458216e-05,2.547500030318916e-07,-15.182983152942137,-9.524329112529442
2025-02-27,5.614352143499469e-05,0.00025890698614430195,-8.259041687622206,-9.787599263044848
2025-02-28,9.489022050234277e-05,0.00023978160524133437,-8.33578202706486,-9.262789908213335
2025-03-03,0.00011676252143450021,0.00031241516954731425,-8.071177583087655,-9.05536841719183
2025-03-04,0.00015341148888310327,0.0001417836468406909,-8.861208276040788,-8.78238677690012
2025-03-05,0.00015480581314273565,0.00011428366260282625,-9.076826931738074,-8.773339044912078
2025-03-06,0.00014252434074962656,0.00032078756321944786,-8.04473145074259,-8.855997760564243
2025-03-07,0.00017491238966310362,3.1240517223294805e-05,-10.37379467668635,-8.651225339894598
2025-03-10,0.000137104508656117,0.0007288281425391173,-7.224072597864065,-8.894767086042373
2025-03-11,0.00022413438083933172,6.968229857447317e-05,-9.571564238385557,-8.403264771524675
2025-03-12,0.00018925302014231873,2.801079276966055e-05,-10.482920665998867,-8.572425707294164
2025-03-13,0.00014568743276042066,0.0001801041666382583,-8.621975170912506,-8.834047102701339
2025-03-14,0.00015595788152228526,0.0004180140641427667,-7.77999547973098,-8.765924577410425
2025-03-17,0.00018860403033160066,5.9009216627825436e-05,-9.737816912227757,-8.575860818260475
2025-03-18,0.00015438127481805816,0.00011809542455860623,-9.044017577606233,-8.776085204813374
2025-03-19,0.00015130016047362987,0.00011733020099744313,-9.050518367435151,-8.796244876538472
2025-03-20,0.000140807453988379,8.386131587548189e-06,-11.688931218002276,-8.868117175383244
2025-03-21,0.00011185427444457608,1.088114725415138e-07,-16.033649061930003,-9.098313654892666
2025-03-24,8.268202322818063e-05,0.0003150654915202935,-8.06273003116061,-9.400508352862532
2025-03-25,0.00011693302942425912,5.7637556963036825e-06,-12.063921265127796,-9.053909185132097
2025-03-26,8.836731645807631e-05,0.00014424171564693692,-8.844020084749095,-9.334008380010125
2025-03-27,0.00010563520902933226,7.071795983276289e-06,-11.859396081563682,-9.155518823425448
2025-03-28,8.707145972506713e-05,0.00041386671827426606,-7.7899665725072404,-9.348781400304281
2025-03-31,0.0001424029159360014,4.4760667647065446e-05,-10.014180758477517,-8.85685008211739
2025-04-01,0.00011942507610522583,7.955149374735189e-06,-11.741691118885678,-9.03282136142468
2025-04-02,9.145144086937031e-05,3.9797092321920276e-05,-10.131716705580876,-9.299702427435552
2025-04-03,8.193150291259888e-05,0.002553940792870529,-5.970117703758538,-9.409626990116978
2025-04-04,0.00042239446422041074,0.0036087934734205444,-5.62438178038964,-7.769570931196901
2025-04-07,0.0008114830885556838,3.1783095925897253e-06,-12.659161077165406,-7.116647010960994
2025-04-08,0.0005138687678289672,0.00024921898203654176,-8.297178602055672,-7.573542640615508
2025-04-09,0.00042616485503099656,0.003944062616333454,-5.535543966015481,-7.7606843029129235
2025-04-10,0.000816513036795556,0.002007771636870812,-6.210729810277983,-7.110467678999584
2025-04-11,0.00089816320266813,0.0003127731965325211,-8.070032241799268,-7.015158766009862
2025-04-14,0.0006698084142113447,9.321508055592334e-05,-9.280601040822368,-7.308518835408747
2025-04-15,0.00047171610055384293,7.86656220814355e-06,-11.7528894133148,-7.659133235218962
2025-04-16,0.0003220628085506067,0.0005053016586417732,-7.590354963182637,-8.040763973830549
2025-04-17,0.00034305756381074935,2.0332187710364464e-06,-13.105890419153617,-7.9776123003581585
2025-04-21,0.0002278335677376067,0.0005803552602407278,-7.451870124279756,-8.386895161627914
2025-04-22,0.0002845739424200326,0.0006597220752356909,-7.323691909758258,-8.164517435108726
2025-04-23,0.0003242550593702892,0.0002364411796464783,-8.349811092820424,-8.033980131588637
2025-04-24,0.0002873310412724326,0.00043391168896553896,-7.742669526215292,-8.154875553010603
2025-04-25,0.0002941035432594937,5.182973055568417e-05,-9.867546624393109,-8.131578664671752
2025-04-28,0.0002244506315248096,1.453358352131308e-07,-15.744218667644411,-8.401854779085538
2025-04-29,0.00015575053917701065,3.94331559301973e-05,-10.140903574469727,-8.76725493849204
2025-04-30,0.00012766457722050893,1.573978696375706e-07,-15.664489035758828,-8.96610422400466
2025-05-01,9.288748657364823e-05,4.987229726986004e-05,-9.906044874300576,-9.284121619024923
2025-05-02,8.547023847464985e-05,0.00021712120749449405,-8.435054800477861,-9.367342330634047
2025-05-05,0.00010834916929655766,3.307294524499161e-05,-10.316794974005157,-9.130151496863556
2025-05-06,9.925403193437609e-05,7.044997529254638e-05,-9.56060767032871,-9.217828015198167
2025-05-07,0.00010181186582020059,1.7612536393118277e-05,-10.946899614418358,-9.192383900520607
2025-05-08,8.332225966790359e-05,4.821548199679811e-05,-9.939830385229367,-9.392794821585154
2025-05-09,7.815450587207897e-05,1.6259984201790128e-06,-13.329388518438751,-9.45682284604641
2025-05-12,6.387951282810102e-05,0.0010571070450519143,-6.852219304703384,-9.65851186100689
2025-05-13,0.00019635547823161598,4.332574958829136e-05,-10.04676342099372,-8.535583876990191
2025-05-14,0.00015774906059002721,1.6310825997614951e-06,-13.32626659197715,-8.754505011615977
2025-05-15,0.0001131871064209818,2.3740795297643526e-05,-10.648315669021907,-9.086468299557108
2025-05-16,9.403099061715756e-05,3.986657558665166e-05,-10.129972289734223,-9.271886142612654
2025-05-19,8.453125281438727e-05,1.1953490763983456e-06,-13.637072301096953,-9.378389236189374
2025-05-20,6.349202950918156e-05,1.1342027688560846e-05,-11.38699546713394,-9.664596179484313
2025-05-21,5.882498201933809e-05,0.00028880906645750313,-8.14974475788746,-9.740943929014506
2025-05-22,0.00010285484747667846,1.556848730770788e-07,-15.675431917116038,-9.182191811457455
2025-05-23,7.749162730781432e-05,4.691277100417012e-05,-9.967220616718965,-9.465340662179026
2025-05-27,7.970514089627323e-05,0.0004234332434925666,-7.767114686775155,-9.437176471158336
2025-05-28,0.00012902651336795822,3.366448491915783e-05,-10.29906713627247,-8.955492644736823
2025-05-29,0.00011521820183028956,1.5520541988682308e-05,-11.073346121867779,-9.068682820184444
2025-05-30,9.281951735774563e-05,1.2525804014125896e-06,-13.590304813303074,-9.284853623930486
2025-06-02,7.458261107933149e-05,3.155177041509222e-05,-10.363880855968462,-9.503603173376847
2025-06-03,6.805813775985522e-05,3.2335055861435094e-05,-10.339358595483011,-9.595148251007622
2025-06-04,6.327044228083329e-05,7.202584262443786e-08,-16.44624085698923,-9.668092284457963
2025-06-05,5.126852991234634e-05,2.3469026607446706e-05,-10.659829022866534,-9.878433446027262
2025-06-06,5.306218639567636e-05,0.00010437703555117174,-9.167500872696746,-9.844046004003433
2025-06-09,6.412057005772743e-05,8.115793269640484e-07,-14.024283701270807,-9.654745339780105
2025-06-10,4.933834341783832e-05,3.196494536889145e-05,-10.350870712838505,-9.916809022257713
2025-06-11,4.8603943287861127e-05,8.157258163035491e-06,-11.716602454884,-9.931805892738993
2025-06-12,4.610647797838114e-05,1.5731930117625693e-05,-11.059818145457355,-9.984557097695282
2025-06-13,4.2210706529554436e-05,0.00012640574765469524,-8.976013605333632,-10.072836659869905
2025-06-16,6.432470723906513e-05,8.966615682389634e-05,-9.319417153025562,-9.651566751084474
2025-06-17,7.117344946835867e-05,7.364644419088936e-05,-9.516234696046135,-9.550390709816408
2025-06-18,8.023048884463562e-05,2.2725693095067066e-08,-17.599769698115086,-9.430606955176819
2025-06-20,6.314539259167258e-05,5.5281161475880466e-06,-12.105663460940315,-9.670070671581286
2025-06-23,5.606491737956523e-05,9.660552421419389e-05,-9.244874631898547,-9.789000299706931
2025-06-24,6.544360552845156e-05,0.00012070838671922344,-9.022132948271182,-9.634321770481383
2025-06-25,7.691553842238959e-05,3.1371906725194157e-07,-14.974767941792832,-9.472802641754972
2025-06-26,5.913759840021208e-05,6.073918461622508e-05,-9.708921522601658,-9.735643653085972
2025-06-27,6.200972173998422e-05,2.456223172196247e-05,-10.614300590655512,-9.688219382953562
2025-06-30,5.6756166936935816e-05,2.275015546793182e-05,-10.69093857883542,-9.776746239014495
2025-07-01,5.22632311880898e-05,1.0473772280822855e-07,-16.071806489707885,-9.859217470696086
2025-07-02,4.3370053965488524e-05,2.0457819978975755e-05,-10.797145353509881,-10.045741355813218
2025-07-03,4.1264405961657414e-05,6.163173967740064e-05,-9.694333565619564,-10.095510270717964
2025-07-07,4.739518572455316e-05,5.595070686621192e-05,-9.79103948939496,-9.956989901414069
2025-07-08,5.7042809979710616e-05,3.0015744878002583e-07,-15.018958670698169,-9.771708519752721
2025-07-09,4.7371242080545725e-05,3.57450755936421e-05,-10.239098043944447,-9.957495220545992
2025-07-10,4.779036630782076e-05,7.93122040995969e-06,-11.744703636307419,-9.948686480456507
2025-07-11,4.1062557095477165e-05,1.240109703418163e-05,-11.297725618768048,-10.10041387126739
2025-07-14,4.1622847008366035e-05,3.6343518014391885e-06,-12.525079784354732,-10.086861334524112
2025-07-15,3.464775320007809e-05,1.833913507204446e-05,-10.906473252987182,-10.27027767714133
2025-07-16,3.80372622749375e-05,1.1139674418733716e-05,-11.404997550217752,-10.17694429251589
2025-07-17,3.463425405424052e-05,3.7222697882264446e-05,-10.198591824630569,-10.270667364061309
2025-07-18,3.761788774835147e-05,5.36821810400718e-07,-14.437599621710609,-10.188030882707793
2025-07-21,3.313791714178394e-05,3.5886744283114096e-06,-12.537727663674646,-10.314832398219114
2025-07-22,2.8201476817546238e-05,2.0480736101019146e-08,-17.703781094988443,-10.476136211974904
2025-07-23,2.4343144875178122e-05,7.176561576916643e-05,-9.542105085622882,-10.623260272704515
2025-07-24,3.4069458842754355e-05,1.0962376090931478e-07,-16.02621168931165,-10.287109210105413
2025-07-25,2.8530959797254064e-05,1.7769222074953366e-05,-10.938042694192475,-10.4645207516204
2025-07-28,2.867845147933447e-05,6.301860233764925e-08,-16.57983587893924,-10.459364536740237
2025-07-29,2.535833517086317e-05,6.975585246534915e-06,-11.873094327463534,-10.582403078386788
2025-07-30,2.6833868812502494e-05,1.5879140949796251e-06,-13.353089292963029,-10.525845706661546
2025-07-31,2.5578794459638983e-05,1.412466872344684e-05,-11.167587734414104,-10.573746891163436
2025-08-01,2.9170488287390193e-05,0.0002731145472075573,-8.205619263940388,-10.442353034855866
2025-08-04,7.372610381348892e-05,0.0002275679470873771,-8.388061695649888,-9.515153631337185
2025-08-05,9.926826475956472e-05,2.5834494356800186e-05,-10.563799968439104,-9.217684627523836
2025-08-06,9.062086402898144e-05,5.8224424849225424e-05,-9.751205620315213,-9.30882608413179
2025-08-07,8.594802853103128e-05,7.02202098990217e-07,-14.169044584053607,-9.361767763791951
2025-08-08,6.882800864301489e-05,6.0331395870620134e-05,-9.715657928523836,-9.58389979349926
2025-08-11,6.958811554962758e-05,3.918410592355247e-06,-12.44982444751736,-9.572916758801261
2025-08-12,5.993093548542696e-05,0.00011214275911058423,-9.095737863410696,-9.722317733980987
2025-08-13,7.097839439219346e-05,1.1677951756707946e-05,-11.357807959237686,-9.553135031568221
2025-08-14,5.954669147374785e-05,8.659525596211029e-09,-18.564605896910592,-9.728749822501578
2025-08-15,4.778695720439474e-05,5.494499900444433e-06,-12.111762984178563,-9.948757817533172
2025-08-18,4.431723387193505e-05,4.7332109654459095e-08,-16.866076920718022,-10.02413693010984
2025-08-19,3.723091731497116e-05,2.959354787939004e-05,-10.427954197442343,-10.198371031248856
2025-08-20,4.2971260741209215e-05,7.078898480720944e-06,-11.858392244181829,-10.054979020574985
2025-08-21,4.123897083977508e-05,1.6159525538095456e-05,-11.033000865568717,-10.096126854515482
2025-08-22,4.291559034147584e-05,0.0002322596626873285,-8.367654576454061,-10.056275386824954
2025-08-25,7.231634159973924e-05,1.9454938531762852e-05,-10.847409611041211,-9.534460429446675
2025-08-26,6.839493317305414e-05,1.7458149981455045e-05,-10.955703970700789,-9.5902118124969
2025-08-27,5.952242203232354e-05,5.179818250639222e-06,-12.170740589057623,-9.729157475519994
2025-08-28,4.856008325262802e-05,1.249765124798792e-05,-11.289969831472431,-9.932708696786412
2025-08-29,4.312765367160741e-05,3.577990015608074e-05,-10.238124270382823,-10.05134615009183
2025-09-02,4.932433897363267e-05,5.5322180779971786e-05,-9.802336630759394,-9.917092907592275
2025-09-03,5.853456459119816e-05,2.9213233122616222e-05,-10.440888762218524,-9.745893130495459
2025-09-04,5.5138431514898086e-05,6.926934470958345e-05,-9.577508105919888,-9.80566359827741
2025-09-05,6.0164413896306004e-05,8.413684518555828e-06,-11.685651068322304,-9.718429511727082
2025-09-08,5.514837315145995e-05,6.021204999055115e-06,-12.020223152718078,-9.805483311313456
2025-09-09,4.5753211690572915e-05,5.331770025696624e-06,-12.141827287542602,-9.992248567819871
2025-09-10,3.848732925872103e-05,8.332943334320186e-06,-11.69529382274091,-10.16518148100226
2025-09-11,3.408637909891295e-05,6.848937879056313e-05,-9.588831878870595,-10.286612693386752
2025-09-12,4.227293413022516e-05,1.1200329842968188e-07,-16.00473751581995,-10.071363531784085
2025-09-15,3.594783998478156e-05,2.8195286739960603e-05,-10.476355730869962,-10.233441559474883
2025-09-16,3.695120856554986e-05,1.898428099010707e-06,-13.174484330517043,-10.205912202971001
2025-09-17,3.387697230870438e-05,1.5455655225054427e-06,-13.380120680604556,-10.292775057324125
2025-09-18,3.120668858040323e-05,2.1730171042041713e-05,-10.736808892487074,-10.3748781085474
2025-09-19,3.172630776159337e-05,2.441001887332094e-05,-10.62051690037982,-10.358364323413785
2025-09-22,3.270213310439799e-05,2.2277002168340516e-05,-10.71195570454615,-10.32807024963822
2025-09-23,3.304500154279276e-05,2.9793525067119176e-05,-10.421219467688427,-10.317640242354228
2025-09-24,3.944543538598983e-05,1.0155092642771067e-05,-11.497535240100957,-10.140592223678928
2025-09-25,3.9574430014531095e-05,2.13829714342832e-05,-10.752915680065483,-10.137327354965956
2025-09-26,4.2951313957726044e-05,3.263602938613057e-05,-10.330093683977408,-10.055443317272596
2025-09-29,4.352419712916083e-05,7.876019847778754e-06,-11.751687877157718,-10.042193518679792
2025-09-30,3.7738513855011706e-05,1.4136019962211227e-05,-11.166784410793714,-10.184829397309777
2025-10-01,3.5164035536011746e-05,1.1572085510313091e-05,-11.366914781462453,-10.255486715396517
2025-10-02,3.2432839999173575e-05,1.3249135518147283e-06,-13.534163344567977,-10.336339068270181
2025-10-03,2.6386155478121366e-05,2.1807820742023186e-10,-22.24616736784063,-10.542671099072487
2025-10-06,2.3196213993544892e-05,1.2815066301493353e-05,-11.264889024420434,-10.671521482542346
2025-10-07,2.309566041778422e-05,1.3796633900761964e-05,-11.191085915789134,-10.67586581878654
2025-10-08,2.6987646577780535e-05,3.534711265313277e-05,-10.250293847794003,-10.52013133081691
2025-10-09,3.0722153431762834e-05,8.417035886089857e-06,-11.685252824218932,-10.390526553451405
2025-10-10,3.184162987534485e-05,0.0007507488924626022,-7.194439326343212,-10.354736008745943
2025-10-13,0.0001500971227548522,0.000231878123535345,-8.369298653920927,-8.804227988363664
2025-10-14,0.00016083302784813556,1.4942657498979733e-06,-13.413875608960991,-8.735143825244977
2025-10-15,0.0001206297809653545,1.9623038061423047e-05,-10.838806270685732,-9.022784364144623
2025-10-16,9.747774607311078e-05,4.669749001439814e-05,-9.971820141748875,-9.23588645141641
2025-10-17,9.494012129408263e-05,3.203843993234869e-05,-10.348574128199614,-9.262264167255204
2025-10-20,8.30323712660707e-05,0.00010705549548107061,-9.142163208598658,-9.396280010949992
2025-10-21,8.887070154607927e-05,2.248809893152592e-10,-22.215449790036946,-9.328328036174167
2025-10-22,6.871772784439406e-05,2.7168872190190488e-05,-10.513438644765897,-9.585503344798896
2025-10-23,6.78508839075581e-05,3.4956220515018974e-05,-10.261414121859252,-9.59819814439083
2025-10-24,6.358969821739089e-05,6.624912404791258e-05,-9.622088315103653,-9.663059078451983
2025-10-27,6.648114225115837e-05,0.0001375615024477344,-8.89143945033326,-9.618592225688058
2025-10-28,8.015189491121275e-05,7.035639669815096e-06,-11.864521944763196,-9.431587037126887
2025-10-29,6.41908096775454e-05,2.305751303411691e-07,-15.282689082537273,-9.653650508955607
2025-10-30,5.025047088954735e-05,0.0001223030657050961,-9.009008448495411,-9.89849064013273
2025-10-31,7.09189069458626e-05,1.0725050094158197e-05,-11.44292842237712,-9.553973489371929
2025-11-03,5.915304407767995e-05,3.5153561708537807e-06,-12.55836970900042,-9.735382505167049
2025-11-04,4.744490826465849e-05,0.0001421902015260294,-8.858344949255994,-9.955941346049569
2025-11-05,7.140516953978966e-05,1.196743847831039e-05,-11.33332105642324,-9.547140288721609
2025-11-06,5.9986950962115536e-05,0.00011636600450769407,-9.05877012281807,-9.72138350335998
2025-11-07,7.82597805110347e-05,9.683017991151564e-07,-13.847722022316445,-9.455476745798327
2025-11-10,5.904582256562032e-05,0.00023975232082252095,-8.335904164070223,-9.737196761843357
2025-11-11,8.747781696618039e-05,5.228235862552787e-06,-12.16143664796503,-9.34412531712894
2025-11-12,6.855063463664796e-05,3.094072475071729e-07,-14.98860747468886,-9.587937893987895
2025-11-13,5.328052994180782e-05,0.00028000147399596405,-8.18071569053758,-9.839939585426354
2025-11-14,9.588173726863964e-05,2.6764790265065955e-08,-17.43617860929594,-9.252395029364916
2025-11-17,7.415557587068466e-05,8.761323524343639e-05,-9.342578484180619,-9.509345295030363
2025-11-18,8.50704749382218e-05,7.111410381187069e-05,-9.551224874977887,-9.372030528081265
2025-11-19,9.067965357430613e-05,1.4866860426134916e-05,-11.116375954543207,-9.308177552642057
2025-11-20,7.506248770028763e-05,0.00023592023567782145,-8.35201679448428,-9.4971896219837
2025-11-21,0.00010887567052129001,9.824649556163015e-05,-9.22803097643496,-9.12530396417645
2025-11-24,0.00010743477453534622,0.00021348836607887125,-8.451928218214166,-9.138626643051332
2025-11-25,0.00012432358243032976,8.764591342531828e-05,-9.342205571468114,-8.992622855557334
2025-11-26,0.00011705560620913962,4.733239722014471e-05,-9.958315566265888,-9.052861469325203
2025-11-28,0.0001031626772118166,2.9632380610631845e-05,-10.426642855001738,-9.179203425253984
2025-12-01,8.857206528955107e-05,2.0938576559579415e-05,-10.77391733192988,-9.331694040253293
2025-12-02,8.117749932583477e-05,3.424335629912207e-06,-12.584603081733961,-9.418872451095053
2025-12-03,6.316687299897518e-05,1.1949370952992028e-05,-11.334831920889268,-9.669730555640697
2025-12-04,5.397909329872041e-05,5.340526540345457e-07,-14.442771399786231,-9.82691374750103
2025-12-05,4.250982766999178e-05,3.601398145455915e-06,-12.534188414162015,-10.065775269471663
2025-12-08,3.5328055881934616e-05,9.052873921718079e-06,-11.612428290253236,-10.250833125507945
2025-12-09,3.5897412856065055e-05,7.456628027920035e-07,-14.108992345909828,-10.234845330357535
2025-12-10,3.211708843408322e-05,4.369700849725479e-05,-10.038230913646304,-10.346122319504842
2025-12-11,3.672795350978599e-05,5.40211472384375e-06,-12.128720065528771,-10.211972416815748
2025-12-12,3.178009444231421e-05,0.00011686213373824184,-9.054515662077396,-10.356670425106998
2025-12-15,5.331204566767727e-05,2.2859634376546655e-06,-12.988722986746392,-9.83934825480867
2025-12-16,4.6740953569708224e-05,7.485899196406464e-06,-11.802489414187653,-9.970889827484688
2025-12-17,4.441703493212379e-05,0.00012242554426728766,-9.008007514665639,-10.021887492466044
2025-12-18,6.549838278657605e-05,5.6594987195084495e-05,-9.77959014213516,-9.633485105909159
2025-12-19,6.626303204233175e-05,8.140765286155711e-05,-9.416041273876715,-9.6218784023699
2025-12-22,7.124111977120488e-05,3.857113900814165e-05,-10.163006255245719,-9.549440381373183
2025-12-23,6.70517700209969e-05,2.0793983089940857e-05,-10.780846887627021,-9.610045550061578
2025-12-24,5.956920152594044e-05,1.2330266703171533e-05,-11.303453610594419,-9.728371870376238
2025-12-26,5.147319810965902e-05,1.0286051916349121e-08,-18.392477042323794,-9.87444931081787
2025-12-29,4.240600701476396e-05,1.2744850418860934e-05,-11.270383256661644,-10.06822053088479
2025-12-30,4.285999933003858e-05,1.4929098117602833e-06,-13.414783448626139,-10.057571583550235
